product_id,sku,product_name,category,brand,supplier,supplier_email,supplier_phone,cost_price,selling_price,current_stock,minimum_stock,maximum_stock,reorder_level,batch_number,manufacturing_date,expiry_date,warehouse,daily_sales,weekly_sales,monthly_sales,yearly_sales,today_sales,today_revenue,today_profit,profit_margin,last_purchase_date,last_sale_date,customer_rating,sales_velocity,is_fast_moving,is_slow_moving,recommended_reorder_qty,recommended_not_to_reorder,supplier_rank,growth_score
1,SKU-DAI-0001,Premium Milk Batch,Dairy,Amul,Prime Fresh Produce Co.,info@primefresh.com,+91-98200-12121,22.24,29.86,55,35,192,49,BATCH-260630-0001,2026-06-30,2026-07-20,Warehouse A - Main,46,291,1263,16825,24,716.64,182.88,25.52,2026-07-03,2026-07-17,4.0,0.8364,0,0,0,0,3,100
2,SKU-DAI-0002,Premium Milk Batch,Dairy,Mother Dairy,Sunrise Wholesale Traders,sales@sunrisewholesale.com,+91-98200-33344,60.38,73.79,47,29,184,69,BATCH-260704-0002,2026-07-04,2026-07-24,Warehouse C - Dry Goods,31,210,886,10249,16,1180.64,214.56,18.17,2026-07-13,2026-07-16,3.3,0.6596,0,0,0,0,3,100
3,SKU-DAI-0003,Premium Milk Batch,Dairy,Nestle,National FMCG Hub,orders@nationalfmcg.com,+91-98200-99900,27.5,31.37,111,34,331,53,BATCH-260726-0003,2026-07-26,2026-07-31,Store Backroom,54,403,1456,18568,63,1976.31,243.81,12.34,2026-06-27,2026-07-15,3.5,0.4865,0,1,0,1,2,100
4,SKU-DAI-0004,Premium Milk Batch,Dairy,Vriddhi Farms,Vriddhi Farm Direct,supply@vriddhifarms.com,+91-98200-55566,79.32,104.07,104,55,211,86,BATCH-260726-0004,2026-07-26,2026-08-16,Store Backroom,18,134,589,6310,10,1040.7,247.5,23.78,2026-06-18,2026-07-15,3.8,0.1731,0,0,0,0,4,100
5,SKU-DAI-0005,Curd,Dairy,Amul,Sunrise Wholesale Traders,sales@sunrisewholesale.com,+91-98200-33344,32.22,38.47,68,55,292,73,BATCH-260712-0005,2026-07-12,2026-07-20,Store Backroom,23,149,688,9253,31,1192.57,193.75,16.25,2026-06-21,2026-07-15,4.0,0.3382,0,0,0,0,1,100
6,SKU-DAI-0006,Curd,Dairy,Mother Dairy,National FMCG Hub,orders@nationalfmcg.com,+91-98200-99900,31.34,40.3,19,20,294,53,BATCH-260713-0006,2026-07-13,2026-07-24,Warehouse C - Dry Goods,31,228,885,10380,20,806.0,179.2,22.23,2026-06-30,2026-07-17,4.1,1.6316,1,0,275,0,1,100
7,SKU-BAK-0007,Bread,Bakery,Britannia,Prime Fresh Produce Co.,info@primefresh.com,+91-98200-12121,48.0,56.62,70,43,338,58,BATCH-260725-0007,2026-07-25,2026-07-31,Store Backroom,36,227,1219,15130,47,2661.14,405.14,15.22,2026-07-15,2026-07-17,4.8,0.5143,0,0,0,0,1,100
8,SKU-BAK-0008,Bread,Bakery,Modern,Global Foods Distributors,orders@globalfoods.com,+91-98200-11122,78.57,100.55,61,28,160,59,BATCH-260810-0008,2026-08-10,2026-08-16,Store Backroom,35,263,1025,11302,36,3619.8,791.28,21.86,2026-06-24,2026-07-16,3.9,0.5738,0,0,0,0,3,100
9,SKU-VEG-0009,Tomato,Vegetables,Farm Fresh,Global Foods Distributors,orders@globalfoods.com,+91-98200-11122,31.11,35.44,37,21,271,48,BATCH-260710-0009,2026-07-10,2026-07-20,Warehouse B - Cold Storage,64,484,2127,19350,47,1665.68,203.51,12.22,2026-07-10,2026-07-15,3.4,1.7297,0,0,0,0,5,100
10,SKU-VEG-0010,Spinach,Vegetables,Local Produce,Metro Grocery Supplies,contact@metrogrocery.com,+91-98200-77788,67.49,79.44,45,26,294,49,BATCH-260716-0010,2026-07-16,2026-07-24,Warehouse B - Cold Storage,64,408,2008,24725,35,2780.4,418.25,15.04,2026-06-21,2026-07-17,3.6,1.4222,0,0,0,0,2,100
11,SKU-FRU-0011,Banana,Fruits,Farm Fresh,Metro Grocery Supplies,contact@metrogrocery.com,+91-98200-77788,26.93,33.9,111,24,237,59,BATCH-260721-0011,2026-07-21,2026-07-31,Store Backroom,148,1133,5007,61554,98,3322.2,683.06,20.56,2026-07-10,2026-07-16,4.8,1.3333,0,1,0,1,2,100
12,SKU-FRU-0012,Apple,Fruits,Farm Fresh,Vriddhi Farm Direct,supply@vriddhifarms.com,+91-98200-55566,75.22,101.96,153,38,246,70,BATCH-260802-0012,2026-08-02,2026-08-16,Store Backroom,70,511,1882,23472,102,10399.92,2727.48,26.23,2026-06-29,2026-07-17,4.5,0.4575,0,1,0,1,1,100
13,SKU-PER-0013,Body Lotion,Personal Care,Colgate,National FMCG Hub,orders@nationalfmcg.com,+91-98200-99900,119.88,134.48,99,42,218,76,BATCH-260612-0013,2026-06-12,2028-01-21,Store Backroom,34,249,1111,14384,33,4437.84,481.8,10.86,2026-07-01,2026-07-17,3.9,0.3434,0,0,0,0,4,100
14,SKU-VEG-0014,Onion,Vegetables,Local Produce,Sunrise Wholesale Traders,sales@sunrisewholesale.com,+91-98200-33344,78.75,100.82,48,45,296,73,BATCH-260519-0014,2026-05-19,2026-05-27,Warehouse A - Main,12,90,325,3959,9,907.38,198.63,21.89,2026-07-06,2026-07-16,3.7,0.25,0,0,0,0,4,100
15,SKU-OIL-0015,Groundnut Oil,Oil & Ghee,Dhara,Metro Grocery Supplies,contact@metrogrocery.com,+91-98200-77788,25.43,32.6,27,42,199,72,BATCH-260517-0015,2026-05-17,2027-05-03,Warehouse C - Dry Goods,28,186,925,10716,20,652.0,143.4,21.99,2026-07-13,2026-07-15,4.9,1.037,1,0,172,0,4,100
16,SKU-VEG-0016,Spinach,Vegetables,Local Produce,Sunrise Wholesale Traders,sales@sunrisewholesale.com,+91-98200-33344,54.38,76.63,53,27,326,63,BATCH-260416-0016,2026-04-16,2026-04-22,Warehouse C - Dry Goods,42,319,1288,17832,36,2758.68,801.0,29.04,2026-07-14,2026-07-15,4.4,0.7925,0,0,0,0,2,100
17,SKU-SNA-0017,Namkeen,Snacks & Biscuits,Sunfeast,Prime Fresh Produce Co.,info@primefresh.com,+91-98200-12121,188.12,217.53,63,56,356,67,BATCH-260531-0017,2026-05-31,2026-11-18,Warehouse C - Dry Goods,12,81,397,4944,7,1522.71,205.87,13.52,2026-06-18,2026-07-16,4.5,0.1905,0,0,0,0,4,100
18,SKU-BEV-0018,Coffee,Beverages,Bisleri,National FMCG Hub,orders@nationalfmcg.com,+91-98200-99900,246.3,315.62,139,50,269,73,BATCH-260411-0018,2026-04-11,2027-02-03,Warehouse C - Dry Goods,56,372,1899,18632,53,16727.86,3673.96,21.96,2026-06-28,2026-07-15,4.4,0.4029,0,1,0,1,3,100
19,SKU-PER-0019,Body Lotion,Personal Care,Pears,Sunrise Wholesale Traders,sales@sunrisewholesale.com,+91-98200-33344,142.39,174.63,107,36,223,54,BATCH-260410-0019,2026-04-10,2027-08-11,Warehouse A - Main,24,183,630,9531,23,4016.49,741.52,18.46,2026-06-24,2026-07-16,4.4,0.2243,0,1,0,1,4,100
20,SKU-FRU-0020,Mango,Fruits,Local Produce,Global Foods Distributors,orders@globalfoods.com,+91-98200-11122,34.13,42.37,64,35,213,66,BATCH-260612-0020,2026-06-12,2026-06-19,Warehouse B - Cold Storage,45,310,1449,15313,54,2287.98,444.96,19.45,2026-07-08,2026-07-17,3.4,0.7031,0,0,0,0,2,100
21,SKU-PER-0021,Shampoo,Personal Care,Colgate,Sunrise Wholesale Traders,sales@sunrisewholesale.com,+91-98200-33344,85.44,108.1,114,57,351,83,BATCH-260711-0021,2026-07-11,2027-08-07,Store Backroom,31,210,874,12256,19,2053.9,430.54,20.96,2026-06-29,2026-07-16,4.5,0.2719,0,0,0,0,2,100
22,SKU-STA-0022,Toor Dal,Staples,Aashirvaad,Global Foods Distributors,orders@globalfoods.com,+91-98200-11122,264.36,341.61,101,50,272,74,BATCH-260515-0022,2026-05-15,2026-11-29,Warehouse C - Dry Goods,14,93,465,4321,7,2391.27,540.75,22.61,2026-06-28,2026-07-15,4.4,0.1386,0,0,0,0,2,100
23,SKU-FRU-0023,Banana,Fruits,Farm Fresh,Global Foods Distributors,orders@globalfoods.com,+91-98200-11122,79.6,91.98,58,46,301,75,BATCH-260429-0023,2026-04-29,2026-05-13,Warehouse B - Cold Storage,12,90,412,4039,13,1195.74,160.94,13.46,2026-07-13,2026-07-17,4.3,0.2069,0,0,0,0,3,100
24,SKU-SNA-0024,Biscuits,Snacks & Biscuits,Britannia,Sunrise Wholesale Traders,sales@sunrisewholesale.com,+91-98200-33344,68.67,78.46,42,20,224,44,BATCH-260707-0024,2026-07-07,2026-12-31,Warehouse B - Cold Storage,22,139,618,7332,29,2275.34,283.91,12.48,2026-07-09,2026-07-16,4.6,0.5238,0,0,0,0,5,100
25,SKU-FRO-0025,Frozen Peas,Frozen Foods,Amul,Metro Grocery Supplies,contact@metrogrocery.com,+91-98200-77788,52.14,61.91,7,29,197,65,BATCH-260608-0025,2026-06-08,2027-04-03,Warehouse A - Main,30,223,1013,10683,29,1795.39,283.33,15.78,2026-07-04,2026-07-16,4.1,4.2857,1,0,190,0,4,100
26,SKU-SNA-0026,Biscuits,Snacks & Biscuits,Lays,Metro Grocery Supplies,contact@metrogrocery.com,+91-98200-77788,225.67,293.62,79,21,144,38,BATCH-260612-0026,2026-06-12,2026-11-22,Warehouse B - Cold Storage,5,35,170,2189,5,1468.1,339.75,23.14,2026-07-15,2026-07-17,4.0,0.0633,0,1,0,1,4,91.0
27,SKU-FRU-0027,Orange,Fruits,Vriddhi Farms,National FMCG Hub,orders@nationalfmcg.com,+91-98200-99900,43.33,59.11,39,25,245,46,BATCH-260712-0027,2026-07-12,2026-07-22,Store Backroom,50,349,1573,17523,63,3723.93,994.14,26.7,2026-07-14,2026-07-16,3.7,1.2821,0,0,0,0,1,100
28,SKU-SNA-0028,Cookies,Snacks & Biscuits,Parle,National FMCG Hub,orders@nationalfmcg.com,+91-98200-99900,250.98,281.18,19,54,272,77,BATCH-260612-0028,2026-06-12,2026-11-19,Warehouse B - Cold Storage,30,215,899,10696,16,4498.88,483.2,10.74,2026-07-12,2026-07-16,4.0,1.5789,1,0,253,0,4,100
29,SKU-DAI-0029,Butter,Dairy,Nestle,Prime Fresh Produce Co.,info@primefresh.com,+91-98200-12121,25.29,32.5,85,55,259,67,BATCH-260524-0029,2026-05-24,2026-06-11,Warehouse B - Cold Storage,91,592,3084,30449,109,3542.5,785.89,22.18,2026-07-01,2026-07-17,4.0,1.0706,0,0,0,0,2,100
30,SKU-BEV-0030,Tea,Beverages,Bisleri,Global Foods Distributors,orders@globalfoods.com,+91-98200-11122,97.35,132.1,69,46,233,85,BATCH-260328-0030,2026-03-28,2026-11-01,Store Backroom,62,453,2048,23353,71,9379.1,2467.25,26.31,2026-07-02,2026-07-15,4.1,0.8986,0,0,0,0,3,100
31,SKU-BEV-0031,Mineral Water,Beverages,Real,Metro Grocery Supplies,contact@metrogrocery.com,+91-98200-77788,281.2,388.3,69,35,281,57,BATCH-260627-0031,2026-06-27,2027-04-29,Warehouse A - Main,86,639,2491,33445,113,43877.9,12102.3,27.58,2026-07-15,2026-07-17,4.1,1.2464,0,0,0,0,5,100
32,SKU-FRU-0032,Orange,Fruits,Farm Fresh,Metro Grocery Supplies,contact@metrogrocery.com,+91-98200-77788,21.48,29.92,38,20,304,34,BATCH-260424-0032,2026-04-24,2026-04-28,Warehouse C - Dry Goods,43,299,1471,14681,51,1525.92,430.44,28.21,2026-06-19,2026-07-16,4.7,1.1316,0,0,0,0,5,100
33,SKU-CLE-0033,Detergent Powder,Cleaning Products,Lizol,Prime Fresh Produce Co.,info@primefresh.com,+91-98200-12121,190.93,257.34,24,54,163,83,BATCH-260327-0033,2026-03-27,2027-05-17,Warehouse A - Main,70,514,2058,21446,79,20329.86,5246.39,25.81,2026-07-02,2026-07-17,4.4,2.9167,1,0,139,0,1,100
34,SKU-PER-0034,Toothpaste,Personal Care,Head & Shoulders,Vriddhi Farm Direct,supply@vriddhifarms.com,+91-98200-55566,115.28,144.01,71,35,270,58,BATCH-260616-0034,2026-06-16,2028-02-25,Store Backroom,1,6,26,419,1,144.01,28.73,19.95,2026-06-17,2026-07-15,3.5,0.0141,0,0,0,0,4,42.0
35,SKU-DAI-0035,Paneer,Dairy,Britannia,Vriddhi Farm Direct,supply@vriddhifarms.com,+91-98200-55566,58.34,81.07,52,49,222,80,BATCH-260528-0035,2026-05-28,2026-06-15,Warehouse C - Dry Goods,99,757,3139,35511,79,6404.53,1795.67,28.04,2026-07-13,2026-07-17,3.9,1.9038,0,0,0,0,3,100
36,SKU-BAK-0036,Buns,Bakery,Harvest Gold,Global Foods Distributors,orders@globalfoods.com,+91-98200-11122,78.57,103.51,132,37,139,65,BATCH-260408-0036,2026-04-08,2026-04-14,Warehouse B - Cold Storage,17,128,547,7031,23,2380.73,573.62,24.09,2026-06-27,2026-07-16,3.6,0.1288,0,1,0,1,2,100
37,SKU-FRO-0037,Frozen Paratha,Frozen Foods,Kwality Walls,Prime Fresh Produce Co.,info@primefresh.com,+91-98200-12121,47.21,61.76,60,22,201,57,BATCH-260508-0037,2026-05-08,2027-04-17,Warehouse C - Dry Goods,24,161,773,7623,15,926.4,218.25,23.56,2026-07-05,2026-07-15,4.1,0.4,0,0,0,0,3,100
38,SKU-OIL-0038,Olive Oil,Oil & Ghee,Dhara,Metro Grocery Supplies,contact@metrogrocery.com,+91-98200-77788,290.87,351.53,103,41,170,65,BATCH-260330-0038,2026-03-30,2027-02-15,Warehouse A - Main,18,137,598,7159,26,9139.78,1577.16,17.26,2026-07-05,2026-07-17,4.6,0.1748,0,1,0,1,1,100
39,SKU-VEG-0039,Capsicum,Vegetables,Farm Fresh,Metro Grocery Supplies,contact@metrogrocery.com,+91-98200-77788,38.96,52.39,125,36,285,58,BATCH-260708-0039,2026-07-08,2026-07-18,Warehouse A - Main,43,324,1313,18301,31,1624.09,416.33,25.63,2026-06-17,2026-07-15,3.7,0.344,0,1,0,1,4,100
40,SKU-BEV-0040,Mineral Water,Beverages,Nescafe,Global Foods Distributors,orders@globalfoods.com,+91-98200-11122,105.22,133.4,58,26,186,64,BATCH-260414-0040,2026-04-14,2026-11-19,Warehouse C - Dry Goods,48,366,1524,17801,52,6936.8,1465.36,21.12,2026-06-18,2026-07-16,4.4,0.8276,0,0,0,0,4,100
41,SKU-VEG-0041,Tomato,Vegetables,Farm Fresh,Global Foods Distributors,orders@globalfoods.com,+91-98200-11122,59.87,70.96,117,48,208,85,BATCH-260402-0041,2026-04-02,2026-04-12,Warehouse A - Main,5,31,139,2166,7,496.72,77.63,15.63,2026-07-14,2026-07-15,3.6,0.0427,0,0,0,0,5,72.4
42,SKU-DAI-0042,Butter,Dairy,Vriddhi Farms,Vriddhi Farm Direct,supply@vriddhifarms.com,+91-98200-55566,30.83,35.69,128,56,208,68,BATCH-260501-0042,2026-05-01,2026-05-04,Warehouse B - Cold Storage,82,609,2262,33214,105,3747.45,510.3,13.62,2026-07-08,2026-07-17,5.0,0.6406,0,1,0,1,5,100
43,SKU-BAK-0043,Muffins,Bakery,Harvest Gold,Global Foods Distributors,orders@globalfoods.com,+91-98200-11122,57.97,65.37,58,20,211,55,BATCH-260531-0043,2026-05-31,2026-06-04,Warehouse C - Dry Goods,49,337,1299,14762,46,3007.02,340.4,11.32,2026-07-02,2026-07-15,3.6,0.8448,0,0,0,0,5,100
44,SKU-CLE-0044,Toilet Cleaner,Cleaning Products,Surf Excel,Metro Grocery Supplies,contact@metrogrocery.com,+91-98200-77788,175.1,197.75,72,50,252,73,BATCH-260708-0044,2026-07-08,2027-09-10,Store Backroom,26,196,680,7898,28,5537.0,634.2,11.45,2026-07-08,2026-07-15,4.3,0.3611,0,0,0,0,5,100
45,SKU-STA-0045,Sugar,Staples,India Gate,National FMCG Hub,orders@nationalfmcg.com,+91-98200-99900,168.56,211.73,49,58,268,71,BATCH-260525-0045,2026-05-25,2027-02-15,Warehouse C - Dry Goods,7,49,233,2483,9,1905.57,388.53,20.39,2026-06-20,2026-07-16,3.9,0.1429,0,0,0,0,1,100
46,SKU-BEV-0046,Juice,Beverages,Bisleri,Prime Fresh Produce Co.,info@primefresh.com,+91-98200-12121,91.37,128.47,97,50,167,62,BATCH-260506-0046,2026-05-06,2027-03-25,Store Backroom,1,7,32,373,1,128.47,37.1,28.88,2026-07-06,2026-07-15,3.4,0.0103,0,1,0,1,3,42.9
47,SKU-OIL-0047,Sunflower Oil,Oil & Ghee,Patanjali,Prime Fresh Produce Co.,info@primefresh.com,+91-98200-12121,34.4,41.5,40,39,229,52,BATCH-260504-0047,2026-05-04,2026-12-27,Warehouse A - Main,19,122,629,6567,23,954.5,163.3,17.11,2026-06-21,2026-07-16,4.7,0.475,0,0,0,0,5,100
48,SKU-DAI-0048,Cheese,Dairy,Mother Dairy,National FMCG Hub,orders@nationalfmcg.com,+91-98200-99900,75.39,103.2,62,37,144,52,BATCH-260708-0048,2026-07-08,2026-07-15,Warehouse B - Cold Storage,31,210,841,9700,35,3612.0,973.35,26.95,2026-06-23,2026-07-15,4.9,0.5,0,0,0,0,1,100
49,SKU-BAK-0049,Bread,Bakery,Local Bakery,Metro Grocery Supplies,contact@metrogrocery.com,+91-98200-77788,42.29,51.69,102,43,222,76,BATCH-260523-0049,2026-05-23,2026-06-02,Warehouse A - Main,1,7,25,303,0,0.0,0.0,18.19,2026-06-27,2026-07-16,3.9,0.0098,0,0,0,0,2,44.1
50,SKU-PER-0050,Hand Wash,Personal Care,Lux,Vriddhi Farm Direct,supply@vriddhifarms.com,+91-98200-55566,130.28,156.98,52,57,281,83,BATCH-260619-0050,2026-06-19,2027-08-28,Store Backroom,7,47,216,2051,5,784.9,133.5,17.01,2026-06-22,2026-07-16,3.7,0.1346,0,0,0,0,1,100
51,SKU-STA-0051,Moong Dal,Staples,Fortune,Sunrise Wholesale Traders,sales@sunrisewholesale.com,+91-98200-33344,56.17,71.88,125,34,262,61,BATCH-260504-0051,2026-05-04,2027-02-17,Store Backroom,51,324,1309,21750,69,4959.72,1083.99,21.86,2026-06-28,2026-07-16,4.5,0.408,0,1,0,1,4,100
52,SKU-BEV-0052,Soft Drinks,Beverages,Nescafe,Global Foods Distributors,orders@globalfoods.com,+91-98200-11122,290.54,340.39,84,59,276,95,BATCH-260327-0052,2026-03-27,2026-12-11,Warehouse A - Main,61,393,1794,21378,35,11913.65,1744.75,14.64,2026-06-23,2026-07-16,3.6,0.7262,0,0,0,0,2,100
53,SKU-VEG-0053,Spinach,Vegetables,Farm Fresh,National FMCG Hub,orders@nationalfmcg.com,+91-98200-99900,48.15,67.01,146,42,231,75,BATCH-260409-0053,2026-04-09,2026-04-19,Warehouse C - Dry Goods,42,274,1128,16919,24,1608.24,452.64,28.15,2026-07-02,2026-07-15,4.6,0.2877,0,1,0,1,4,100
54,SKU-PER-0054,Deodorant,Personal Care,Colgate,Prime Fresh Produce Co.,info@primefresh.com,+91-98200-12121,106.39,133.19,65,50,263,80,BATCH-260709-0054,2026-07-09,2028-01-13,Store Backroom,30,191,901,10119,28,3729.32,750.4,20.12,2026-06-20,2026-07-16,3.3,0.4615,0,0,0,0,1,100
55,SKU-PER-0055,Face Wash,Personal Care,Nivea,Metro Grocery Supplies,contact@metrogrocery.com,+91-98200-77788,161.87,227.63,119,22,237,61,BATCH-260603-0055,2026-06-03,2028-06-02,Store Backroom,17,110,442,5220,23,5235.49,1512.48,28.89,2026-07-14,2026-07-15,4.4,0.1429,0,1,0,1,1,100
56,SKU-STA-0056,Wheat Flour,Staples,Aashirvaad,Metro Grocery Supplies,contact@metrogrocery.com,+91-98200-77788,166.74,217.25,76,43,238,82,BATCH-260708-0056,2026-07-08,2027-03-29,Warehouse B - Cold Storage,40,270,1235,16289,45,9776.25,2272.95,23.25,2026-07-13,2026-07-15,4.4,0.5263,0,0,0,0,3,100
57,SKU-STA-0057,Rice,Staples,India Gate,Vriddhi Farm Direct,supply@vriddhifarms.com,+91-98200-55566,42.82,56.48,92,42,221,82,BATCH-260630-0057,2026-06-30,2027-06-16,Store Backroom,41,263,1251,15823,33,1863.84,450.78,24.19,2026-06-24,2026-07-15,5.0,0.4457,0,0,0,0,5,100
58,SKU-CLE-0058,Dish Wash Liquid,Cleaning Products,Lizol,National FMCG Hub,orders@nationalfmcg.com,+91-98200-99900,115.98,142.51,93,31,185,51,BATCH-260704-0058,2026-07-04,2028-03-19,Warehouse C - Dry Goods,42,277,1122,12737,56,7980.56,1485.68,18.62,2026-06-22,2026-07-15,4.7,0.4516,0,1,0,1,5,100
59,SKU-OIL-0059,Ghee,Oil & Ghee,Fortune,National FMCG Hub,orders@nationalfmcg.com,+91-98200-99900,56.69,69.9,72,30,176,66,BATCH-260429-0059,2026-04-29,2027-01-06,Warehouse C - Dry Goods,44,279,1266,17470,64,4473.6,845.44,18.9,2026-06-22,2026-07-15,4.6,0.6111,0,0,0,0,2,100
60,SKU-VEG-0060,Potato,Vegetables,Local Produce,Metro Grocery Supplies,contact@metrogrocery.com,+91-98200-77788,73.76,86.9,97,56,268,80,BATCH-260327-0060,2026-03-27,2026-04-03,Warehouse A - Main,18,123,485,5780,19,1651.1,249.66,15.12,2026-07-15,2026-07-15,4.1,0.1856,0,0,0,0,3,100
61,SKU-BEV-0061,Coffee,Beverages,Tata Tea,Prime Fresh Produce Co.,info@primefresh.com,+91-98200-12121,256.85,353.26,69,38,159,72,BATCH-260524-0061,2026-05-24,2026-12-03,Warehouse C - Dry Goods,1,7,32,421,1,353.26,96.41,27.29,2026-07-04,2026-07-15,3.9,0.0145,0,0,0,0,4,52.7
62,SKU-BEV-0062,Coffee,Beverages,Nescafe,Sunrise Wholesale Traders,sales@sunrisewholesale.com,+91-98200-33344,27.89,39.03,20,41,178,55,BATCH-260323-0062,2026-03-23,2026-10-09,Store Backroom,35,261,1131,12617,39,1522.17,434.46,28.54,2026-07-16,2026-07-16,3.6,1.75,1,0,158,0,2,100
63,SKU-BAK-0063,Rusk,Bakery,Britannia,Global Foods Distributors,orders@globalfoods.com,+91-98200-11122,65.45,77.97,54,27,139,44,BATCH-260628-0063,2026-06-28,2026-07-05,Warehouse B - Cold Storage,32,228,820,11751,23,1793.31,287.96,16.06,2026-07-03,2026-07-17,4.3,0.5926,0,0,0,0,2,100
64,SKU-DAI-0064,Curd,Dairy,Britannia,Prime Fresh Produce Co.,info@primefresh.com,+91-98200-12121,58.43,74.62,83,43,160,83,BATCH-260530-0064,2026-05-30,2026-06-10,Warehouse A - Main,51,360,1479,18392,57,4253.34,922.83,21.7,2026-06-23,2026-07-17,3.8,0.6145,0,0,0,0,1,100
65,SKU-FRU-0065,Papaya,Fruits,Farm Fresh,National FMCG Hub,orders@nationalfmcg.com,+91-98200-99900,62.79,76.59,54,22,212,49,BATCH-260519-0065,2026-05-19,2026-05-22,Warehouse C - Dry Goods,71,494,1926,22129,86,6586.74,1186.8,18.02,2026-07-07,2026-07-17,3.3,1.3148,0,0,0,0,2,100
66,SKU-PER-0066,Body Lotion,Personal Care,Head & Shoulders,Vriddhi Farm Direct,supply@vriddhifarms.com,+91-98200-55566,148.23,210.0,21,54,275,72,BATCH-260612-0066,2026-06-12,2027-08-14,Store Backroom,5,33,166,1494,5,1050.0,308.85,29.41,2026-06-21,2026-07-16,4.0,0.2381,1,0,254,0,4,100
67,SKU-STA-0067,Chana Dal,Staples,India Gate,Vriddhi Farm Direct,supply@vriddhifarms.com,+91-98200-55566,292.64,371.32,73,51,245,90,BATCH-260703-0067,2026-07-03,2027-01-19,Store Backroom,38,262,1309,12097,30,11139.6,2360.4,21.19,2026-07-06,2026-07-15,3.7,0.5205,0,0,0,0,4,100
68,SKU-DAI-0068,Cheese,Dairy,Amul,Sunrise Wholesale Traders,sales@sunrisewholesale.com,+91-98200-33344,59.83,73.32,113,22,308,59,BATCH-260526-0068,2026-05-26,2026-06-09,Store Backroom,51,366,1663,15319,59,4325.88,795.91,18.4,2026-06-30,2026-07-15,4.4,0.4513,0,1,0,1,1,100
69,SKU-FRU-0069,Watermelon,Fruits,Farm Fresh,Global Foods Distributors,orders@globalfoods.com,+91-98200-11122,23.2,27.63,98,43,235,65,BATCH-260606-0069,2026-06-06,2026-06-19,Store Backroom,53,366,1388,16541,45,1243.35,199.35,16.03,2026-07-08,2026-07-17,4.9,0.5408,0,1,0,1,1,100
70,SKU-VEG-0070,Potato,Vegetables,Vriddhi Farms,National FMCG Hub,orders@nationalfmcg.com,+91-98200-99900,40.15,51.73,41,36,334,54,BATCH-260707-0070,2026-07-07,2026-07-17,Warehouse C - Dry Goods,65,472,2241,20879,41,2120.93,474.78,22.39,2026-07-11,2026-07-15,4.0,1.5854,0,0,0,0,1,100
71,SKU-FRU-0071,Orange,Fruits,Local Produce,Prime Fresh Produce Co.,info@primefresh.com,+91-98200-12121,37.58,42.82,66,54,228,92,BATCH-260616-0071,2026-06-16,2026-06-26,Warehouse B - Cold Storage,27,183,742,11767,34,1455.88,178.16,12.24,2026-07-16,2026-07-16,4.2,0.4091,0,0,0,0,3,100
72,SKU-DAI-0072,Yogurt,Dairy,Britannia,National FMCG Hub,orders@nationalfmcg.com,+91-98200-99900,72.48,82.61,72,45,328,78,BATCH-260518-0072,2026-05-18,2026-06-06,Warehouse B - Cold Storage,3,21,79,1014,1,82.61,10.13,12.26,2026-07-05,2026-07-17,4.8,0.0417,0,0,0,0,5,74.6
73,SKU-BAK-0073,Buns,Bakery,Britannia,Sunrise Wholesale Traders,sales@sunrisewholesale.com,+91-98200-33344,43.12,60.08,35,23,154,49,BATCH-260426-0073,2026-04-26,2026-05-03,Warehouse B - Cold Storage,21,159,704,8725,15,901.2,254.4,28.23,2026-07-12,2026-07-15,3.7,0.6,0,0,0,0,5,100
74,SKU-CLE-0074,Floor Cleaner,Cleaning Products,Lizol,National FMCG Hub,orders@nationalfmcg.com,+91-98200-99900,237.74,277.27,123,59,343,97,BATCH-260425-0074,2026-04-25,2028-02-14,Warehouse A - Main,46,326,1514,13622,25,6931.75,988.25,14.26,2026-07-08,2026-07-15,3.6,0.374,0,0,0,0,5,100
75,SKU-OIL-0075,Mustard Oil,Oil & Ghee,Sundrop,Metro Grocery Supplies,contact@metrogrocery.com,+91-98200-77788,268.92,345.21,110,39,262,56,BATCH-260430-0075,2026-04-30,2026-12-02,Warehouse B - Cold Storage,23,146,677,8342,16,5523.36,1220.64,22.1,2026-07-06,2026-07-15,3.8,0.2091,0,1,0,1,3,100
76,SKU-OIL-0076,Groundnut Oil,Oil & Ghee,Sundrop,Vriddhi Farm Direct,supply@vriddhifarms.com,+91-98200-55566,164.19,189.12,38,35,254,48,BATCH-260615-0076,2026-06-15,2027-01-21,Warehouse B - Cold Storage,30,193,843,10442,33,6240.96,822.69,13.18,2026-06-20,2026-07-16,4.9,0.7895,0,0,0,0,3,100
77,SKU-BEV-0077,Soft Drinks,Beverages,Real,Metro Grocery Supplies,contact@metrogrocery.com,+91-98200-77788,298.87,376.59,10,39,266,49,BATCH-260421-0077,2026-04-21,2027-02-15,Warehouse C - Dry Goods,23,146,644,8722,30,11297.7,2331.6,20.64,2026-07-07,2026-07-15,3.2,2.3,1,0,256,0,1,100
78,SKU-CLE-0078,Dish Wash Liquid,Cleaning Products,Rin,Prime Fresh Produce Co.,info@primefresh.com,+91-98200-12121,116.81,144.96,24,22,224,33,BATCH-260611-0078,2026-06-11,2028-04-25,Warehouse C - Dry Goods,27,191,706,9871,34,4928.64,957.1,19.42,2026-06-25,2026-07-15,3.4,1.125,0,0,0,0,1,100
79,SKU-DAI-0079,Butter,Dairy,Britannia,National FMCG Hub,orders@nationalfmcg.com,+91-98200-99900,76.03,102.37,36,32,286,58,BATCH-260319-0079,2026-03-19,2026-04-01,Store Backroom,89,625,2388,37593,56,5732.72,1475.04,25.73,2026-07-11,2026-07-16,5.0,2.4722,0,0,0,0,3,100
80,SKU-OIL-0080,Mustard Oil,Oil & Ghee,Dhara,Prime Fresh Produce Co.,info@primefresh.com,+91-98200-12121,177.62,224.24,56,21,215,41,BATCH-260713-0080,2026-07-13,2027-06-10,Warehouse A - Main,30,213,980,11936,35,7848.4,1631.7,20.79,2026-07-01,2026-07-16,4.9,0.5357,0,0,0,0,5,100
81,SKU-STA-0081,Besan,Staples,Annapurna,National FMCG Hub,orders@nationalfmcg.com,+91-98200-99900,154.53,197.38,119,59,357,95,BATCH-260525-0081,2026-05-25,2027-05-16,Warehouse A - Main,25,182,680,8909,22,4342.36,942.7,21.71,2026-07-10,2026-07-16,4.1,0.2101,0,0,0,0,5,100
82,SKU-BEV-0082,Energy Drink,Beverages,Real,Prime Fresh Produce Co.,info@primefresh.com,+91-98200-12121,58.66,69.35,55,40,309,65,BATCH-260415-0082,2026-04-15,2027-04-04,Warehouse B - Cold Storage,62,469,1772,21311,78,5409.3,833.82,15.41,2026-06-26,2026-07-15,3.7,1.1273,0,0,0,0,4,100
83,SKU-OIL-0083,Groundnut Oil,Oil & Ghee,Fortune,Vriddhi Farm Direct,supply@vriddhifarms.com,+91-98200-55566,176.26,209.3,66,39,336,58,BATCH-260504-0083,2026-05-04,2027-04-22,Warehouse B - Cold Storage,7,49,237,2781,5,1046.5,165.2,15.79,2026-06-29,2026-07-16,4.8,0.1061,0,0,0,0,4,100
84,SKU-SNA-0084,Cookies,Snacks & Biscuits,Britannia,Vriddhi Farm Direct,supply@vriddhifarms.com,+91-98200-55566,31.78,44.7,51,25,213,64,BATCH-260418-0084,2026-04-18,2026-08-20,Warehouse A - Main,26,181,710,9636,37,1653.9,478.04,28.9,2026-07-12,2026-07-17,4.3,0.5098,0,0,0,0,5,100
85,SKU-PER-0085,Soap,Personal Care,Colgate,Prime Fresh Produce Co.,info@primefresh.com,+91-98200-12121,230.09,273.28,55,34,147,47,BATCH-260319-0085,2026-03-19,2027-11-17,Warehouse A - Main,45,283,1370,19244,40,10931.2,1727.6,15.8,2026-07-01,2026-07-15,3.6,0.8182,0,0,0,0,3,100
86,SKU-DAI-0086,Paneer,Dairy,Vriddhi Farms,Global Foods Distributors,orders@globalfoods.com,+91-98200-11122,57.4,68.29,73,22,166,45,BATCH-260327-0086,2026-03-27,2026-04-08,Warehouse C - Dry Goods,77,592,2238,28053,110,7511.9,1197.9,15.95,2026-06-18,2026-07-17,3.2,1.0548,0,1,0,1,5,100
87,SKU-STA-0087,Sugar,Staples,Annapurna,Vriddhi Farm Direct,supply@vriddhifarms.com,+91-98200-55566,147.22,193.21,190,53,279,91,BATCH-260623-0087,2026-06-23,2026-12-23,Warehouse B - Cold Storage,15,96,404,5385,11,2125.31,505.89,23.8,2026-06-23,2026-07-16,4.6,0.0789,0,1,0,1,5,100
88,SKU-FRU-0088,Grapes,Fruits,Vriddhi Farms,Sunrise Wholesale Traders,sales@sunrisewholesale.com,+91-98200-33344,54.71,71.76,65,45,254,71,BATCH-260528-0088,2026-05-28,2026-06-03,Warehouse A - Main,35,268,1042,15002,17,1219.92,289.85,23.76,2026-07-02,2026-07-16,4.9,0.5385,0,0,0,0,3,100
89,SKU-SNA-0089,Biscuits,Snacks & Biscuits,Haldiram's,Vriddhi Farm Direct,supply@vriddhifarms.com,+91-98200-55566,203.03,269.59,26,23,293,36,BATCH-260609-0089,2026-06-09,2026-10-24,Store Backroom,11,82,356,4320,12,3235.08,798.72,24.69,2026-06-27,2026-07-17,3.6,0.4231,0,0,0,0,2,100
90,SKU-PER-0090,Hand Wash,Personal Care,Head & Shoulders,Prime Fresh Produce Co.,info@primefresh.com,+91-98200-12121,247.66,305.14,100,55,275,89,BATCH-260706-0090,2026-07-06,2028-03-31,Warehouse A - Main,1,6,27,402,1,305.14,57.48,18.84,2026-07-02,2026-07-15,4.5,0.01,0,0,0,0,1,52.3
91,SKU-FRO-0091,Frozen Fries,Frozen Foods,McCain,Global Foods Distributors,orders@globalfoods.com,+91-98200-11122,252.06,350.58,11,32,278,59,BATCH-260404-0091,2026-04-04,2026-08-16,Store Backroom,17,111,522,5189,17,5959.86,1674.84,28.1,2026-07-02,2026-07-17,4.1,1.5455,1,0,267,0,4,100
92,SKU-PER-0092,Body Lotion,Personal Care,Lux,Prime Fresh Produce Co.,info@primefresh.com,+91-98200-12121,209.45,280.03,13,45,210,81,BATCH-260709-0092,2026-07-09,2027-08-13,Warehouse B - Cold Storage,24,153,703,9462,24,6720.72,1693.92,25.2,2026-06-17,2026-07-16,3.3,1.8462,1,0,197,0,4,100
93,SKU-PER-0093,Soap,Personal Care,Nivea,Prime Fresh Produce Co.,info@primefresh.com,+91-98200-12121,245.45,322.46,108,46,241,84,BATCH-260602-0093,2026-06-02,2027-08-01,Warehouse B - Cold Storage,37,268,1163,13717,42,13543.32,3234.42,23.88,2026-07-11,2026-07-15,3.9,0.3426,0,0,0,0,2,100
94,SKU-DAI-0094,Curd,Dairy,Amul,Global Foods Distributors,orders@globalfoods.com,+91-98200-11122,64.15,90.68,84,49,321,82,BATCH-260415-0094,2026-04-15,2026-04-21,Warehouse A - Main,30,199,858,9967,43,3899.24,1140.79,29.26,2026-07-15,2026-07-15,4.0,0.3571,0,0,0,0,1,100
95,SKU-DAI-0095,Milk,Dairy,Britannia,Global Foods Distributors,orders@globalfoods.com,+91-98200-11122,53.61,67.22,12,23,185,56,BATCH-260504-0095,2026-05-04,2026-05-17,Warehouse B - Cold Storage,1,6,34,326,1,67.22,13.61,20.25,2026-06-28,2026-07-15,4.6,0.0833,1,0,173,0,3,98.2
96,SKU-DAI-0096,Cheese,Dairy,Britannia,Prime Fresh Produce Co.,info@primefresh.com,+91-98200-12121,48.88,60.81,135,37,152,64,BATCH-260425-0096,2026-04-25,2026-05-10,Warehouse C - Dry Goods,34,243,997,12388,50,3040.5,596.5,19.62,2026-06-21,2026-07-15,3.8,0.2519,0,1,0,1,4,100
97,SKU-DAI-0097,Ghee,Dairy,Amul,Metro Grocery Supplies,contact@metrogrocery.com,+91-98200-77788,26.95,34.53,86,35,192,54,BATCH-260604-0097,2026-06-04,2026-06-09,Warehouse B - Cold Storage,30,206,908,10461,22,759.66,166.76,21.95,2026-06-17,2026-07-16,4.7,0.3488,0,1,0,1,1,100
98,SKU-BEV-0098,Mineral Water,Beverages,Bisleri,Global Foods Distributors,orders@globalfoods.com,+91-98200-11122,95.17,125.82,32,58,168,95,BATCH-260608-0098,2026-06-08,2026-12-08,Store Backroom,44,318,1207,14189,61,7675.02,1869.65,24.36,2026-07-10,2026-07-17,4.9,1.375,1,0,136,0,1,100
99,SKU-BEV-0099,Energy Drink,Beverages,Coca-Cola,Sunrise Wholesale Traders,sales@sunrisewholesale.com,+91-98200-33344,214.78,285.9,59,45,206,72,BATCH-260415-0099,2026-04-15,2027-02-09,Warehouse A - Main,4,27,133,1440,5,1429.5,355.6,24.88,2026-06-22,2026-07-16,4.8,0.0678,0,0,0,0,3,88.9
100,SKU-OIL-0100,Olive Oil,Oil & Ghee,Patanjali,National FMCG Hub,orders@nationalfmcg.com,+91-98200-99900,261.94,351.62,91,21,187,48,BATCH-260401-0100,2026-04-01,2026-11-29,Store Backroom,29,199,779,9864,25,8790.5,2242.0,25.5,2026-07-01,2026-07-15,4.4,0.3187,0,1,0,1,3,100
101,SKU-DAI-0101,Yogurt,Dairy,Amul,Prime Fresh Produce Co.,info@primefresh.com,+91-98200-12121,56.71,71.86,46,30,317,65,BATCH-260707-0101,2026-07-07,2026-07-11,Warehouse B - Cold Storage,28,215,955,10317,37,2658.82,560.55,21.08,2026-06-22,2026-07-17,3.9,0.6087,0,0,0,0,2,100
102,SKU-BEV-0102,Energy Drink,Beverages,Tata Tea,Global Foods Distributors,orders@globalfoods.com,+91-98200-11122,81.24,102.1,57,23,281,53,BATCH-260510-0102,2026-05-10,2027-05-09,Store Backroom,36,251,920,13411,18,1837.8,375.48,20.43,2026-07-08,2026-07-15,5.0,0.6316,0,0,0,0,1,100
103,SKU-BAK-0103,Bread,Bakery,Harvest Gold,Sunrise Wholesale Traders,sales@sunrisewholesale.com,+91-98200-33344,21.96,25.23,36,29,190,45,BATCH-260608-0103,2026-06-08,2026-06-12,Store Backroom,10,76,296,3275,11,277.53,35.97,12.96,2026-06-26,2026-07-15,4.6,0.2778,0,0,0,0,1,100
104,SKU-VEG-0104,Capsicum,Vegetables,Local Produce,National FMCG Hub,orders@nationalfmcg.com,+91-98200-99900,45.94,60.23,107,30,151,55,BATCH-260617-0104,2026-06-17,2026-06-23,Warehouse A - Main,70,536,2398,29584,99,5962.77,1414.71,23.73,2026-06-18,2026-07-15,4.8,0.6542,0,1,0,1,4,100
105,SKU-STA-0105,Atta,Staples,Fortune,Prime Fresh Produce Co.,info@primefresh.com,+91-98200-12121,279.16,387.97,85,56,324,67,BATCH-260608-0105,2026-06-08,2027-01-15,Warehouse C - Dry Goods,35,227,1151,14414,50,19398.5,5440.5,28.05,2026-06-28,2026-07-17,4.2,0.4118,0,0,0,0,4,100
106,SKU-OIL-0106,Ghee,Oil & Ghee,Patanjali,Metro Grocery Supplies,contact@metrogrocery.com,+91-98200-77788,231.57,269.08,89,25,253,58,BATCH-260501-0106,2026-05-01,2027-02-06,Store Backroom,26,179,859,8884,32,8610.56,1200.32,13.94,2026-06-22,2026-07-16,3.3,0.2921,0,1,0,1,3,100
107,SKU-STA-0107,Chana Dal,Staples,Fortune,Metro Grocery Supplies,contact@metrogrocery.com,+91-98200-77788,83.88,107.86,66,44,254,59,BATCH-260416-0107,2026-04-16,2027-03-24,Warehouse A - Main,42,311,1340,12767,27,2912.22,647.46,22.23,2026-07-12,2026-07-15,3.9,0.6364,0,0,0,0,3,100
108,SKU-OIL-0108,Mustard Oil,Oil & Ghee,Fortune,Vriddhi Farm Direct,supply@vriddhifarms.com,+91-98200-55566,144.53,194.88,36,26,159,38,BATCH-260705-0108,2026-07-05,2027-06-02,Store Backroom,35,247,1021,10354,29,5651.52,1460.15,25.84,2026-06-27,2026-07-16,4.8,0.9722,0,0,0,0,1,100
109,SKU-BEV-0109,Mineral Water,Beverages,Coca-Cola,Global Foods Distributors,orders@globalfoods.com,+91-98200-11122,222.96,287.14,55,35,281,61,BATCH-260707-0109,2026-07-07,2027-04-05,Warehouse B - Cold Storage,54,344,1588,19087,53,15218.42,3401.54,22.35,2026-07-08,2026-07-17,4.5,0.9818,0,0,0,0,4,100
110,SKU-PER-0110,Shampoo,Personal Care,Dove,Metro Grocery Supplies,contact@metrogrocery.com,+91-98200-77788,62.46,75.66,100,45,230,81,BATCH-260501-0110,2026-05-01,2027-07-09,Warehouse B - Cold Storage,34,229,969,13976,46,3480.36,607.2,17.45,2026-07-07,2026-07-16,4.3,0.34,0,0,0,0,2,100
111,SKU-DAI-0111,Paneer,Dairy,Mother Dairy,Metro Grocery Supplies,contact@metrogrocery.com,+91-98200-77788,77.97,94.14,79,60,285,100,BATCH-260420-0111,2026-04-20,2026-05-10,Warehouse C - Dry Goods,7,45,214,2649,7,658.98,113.19,17.18,2026-07-16,2026-07-15,4.0,0.0886,0,0,0,0,2,100
112,SKU-BEV-0112,Energy Drink,Beverages,Nescafe,Prime Fresh Produce Co.,info@primefresh.com,+91-98200-12121,39.36,54.09,13,46,318,71,BATCH-260501-0112,2026-05-01,2027-02-27,Warehouse C - Dry Goods,64,417,1875,22210,60,3245.4,883.8,27.23,2026-06-28,2026-07-16,4.2,4.9231,1,0,305,0,4,100
113,SKU-BEV-0113,Tea,Beverages,Tata Tea,Prime Fresh Produce Co.,info@primefresh.com,+91-98200-12121,270.74,346.84,82,60,181,73,BATCH-260406-0113,2026-04-06,2027-01-21,Warehouse B - Cold Storage,14,107,442,4904,17,5896.28,1293.7,21.94,2026-07-13,2026-07-17,3.4,0.1707,0,0,0,0,2,100
114,SKU-PER-0114,Toothpaste,Personal Care,Nivea,Metro Grocery Supplies,contact@metrogrocery.com,+91-98200-77788,118.57,149.27,116,57,333,83,BATCH-260401-0114,2026-04-01,2027-06-12,Warehouse C - Dry Goods,42,292,1182,17908,24,3582.48,736.8,20.57,2026-07-05,2026-07-16,3.8,0.3621,0,0,0,0,2,100
115,SKU-PER-0115,Hand Wash,Personal Care,Nivea,Metro Grocery Supplies,contact@metrogrocery.com,+91-98200-77788,60.5,80.86,74,48,229,60,BATCH-260615-0115,2026-06-15,2028-03-05,Store Backroom,46,331,1453,14535,68,5498.48,1384.48,25.18,2026-07-11,2026-07-15,3.5,0.6216,0,0,0,0,5,100
116,SKU-CLE-0116,Floor Cleaner,Cleaning Products,Surf Excel,Sunrise Wholesale Traders,sales@sunrisewholesale.com,+91-98200-33344,207.53,271.64,38,31,294,62,BATCH-260417-0116,2026-04-17,2027-08-04,Warehouse B - Cold Storage,44,315,1200,16652,39,10593.96,2500.29,23.6,2026-07-10,2026-07-16,4.6,1.1579,0,0,0,0,1,100
117,SKU-SNA-0117,Cookies,Snacks & Biscuits,Sunfeast,Vriddhi Farm Direct,supply@vriddhifarms.com,+91-98200-55566,111.28,139.91,100,36,307,73,BATCH-260624-0117,2026-06-24,2026-12-17,Warehouse B - Cold Storage,19,130,504,6524,18,2518.38,515.34,20.46,2026-06-24,2026-07-16,4.9,0.19,0,0,0,0,5,100
118,SKU-SNA-0118,Chips,Snacks & Biscuits,Haldiram's,Vriddhi Farm Direct,supply@vriddhifarms.com,+91-98200-55566,53.0,64.22,13,31,226,63,BATCH-260509-0118,2026-05-09,2026-11-03,Store Backroom,38,271,1165,13443,37,2376.14,415.14,17.47,2026-06-17,2026-07-15,4.9,2.9231,1,0,213,0,2,100
119,SKU-FRU-0119,Apple,Fruits,Vriddhi Farms,Vriddhi Farm Direct,supply@vriddhifarms.com,+91-98200-55566,24.12,29.29,127,48,306,59,BATCH-260417-0119,2026-04-17,2026-04-27,Warehouse B - Cold Storage,23,162,721,8089,22,644.38,113.74,17.65,2026-07-01,2026-07-17,3.3,0.1811,0,1,0,1,1,100
120,SKU-SNA-0120,Crackers,Snacks & Biscuits,Sunfeast,Vriddhi Farm Direct,supply@vriddhifarms.com,+91-98200-55566,29.15,34.61,85,38,181,72,BATCH-260408-0120,2026-04-08,2026-09-14,Store Backroom,25,184,761,7713,15,519.15,81.9,15.78,2026-06-20,2026-07-16,4.2,0.2941,0,0,0,0,1,100
121,SKU-PER-0121,Toothpaste,Personal Care,Dove,National FMCG Hub,orders@nationalfmcg.com,+91-98200-99900,85.89,107.15,130,35,211,72,BATCH-260404-0121,2026-04-04,2028-01-30,Warehouse B - Cold Storage,8,55,275,3241,5,535.75,106.3,19.84,2026-06-24,2026-07-16,4.7,0.0615,0,1,0,1,5,89.5
122,SKU-STA-0122,Salt,Staples,Aashirvaad,National FMCG Hub,orders@nationalfmcg.com,+91-98200-99900,58.99,69.73,50,33,148,61,BATCH-260612-0122,2026-06-12,2027-04-19,Store Backroom,47,331,1335,18555,37,2580.01,397.38,15.4,2026-06-18,2026-07-15,4.7,0.94,0,0,0,0,2,100
123,SKU-STA-0123,Salt,Staples,India Gate,Global Foods Distributors,orders@globalfoods.com,+91-98200-11122,297.9,411.14,9,28,307,65,BATCH-260427-0123,2026-04-27,2027-02-07,Warehouse C - Dry Goods,20,149,580,6255,22,9045.08,2491.28,27.54,2026-07-04,2026-07-16,3.3,2.2222,1,0,298,0,1,100
124,SKU-STA-0124,Chana Dal,Staples,Tata,Prime Fresh Produce Co.,info@primefresh.com,+91-98200-12121,282.17,347.27,26,51,234,79,BATCH-260601-0124,2026-06-01,2026-12-14,Store Backroom,35,256,1122,12562,40,13890.8,2604.0,18.75,2026-06-21,2026-07-15,3.9,1.3462,1,0,208,0,4,100
125,SKU-BAK-0125,Rusk,Bakery,Local Bakery,Vriddhi Farm Direct,supply@vriddhifarms.com,+91-98200-55566,35.99,43.37,68,55,302,69,BATCH-260329-0125,2026-03-29,2026-04-03,Warehouse B - Cold Storage,16,103,520,5745,9,390.33,66.42,17.02,2026-07-02,2026-07-16,3.2,0.2353,0,0,0,0,4,100
126,SKU-BEV-0126,Soft Drinks,Beverages,Pepsi,Prime Fresh Produce Co.,info@primefresh.com,+91-98200-12121,104.52,144.48,44,37,160,67,BATCH-260411-0126,2026-04-11,2026-12-06,Store Backroom,75,540,1947,28750,91,13147.68,3636.36,27.66,2026-07-03,2026-07-15,3.4,1.7045,0,0,0,0,1,100
127,SKU-DAI-0127,Cream,Dairy,Mother Dairy,Global Foods Distributors,orders@globalfoods.com,+91-98200-11122,23.63,28.07,72,48,150,58,BATCH-260606-0127,2026-06-06,2026-06-20,Warehouse B - Cold Storage,55,351,1592,21928,33,926.31,146.52,15.82,2026-06-18,2026-07-16,3.4,0.7639,0,0,0,0,2,100
128,SKU-CLE-0128,Dish Wash Liquid,Cleaning Products,Vim,Global Foods Distributors,orders@globalfoods.com,+91-98200-11122,151.41,169.96,56,30,242,51,BATCH-260705-0128,2026-07-05,2027-08-25,Store Backroom,23,149,671,9021,31,5268.76,575.05,10.91,2026-07-12,2026-07-17,4.3,0.4107,0,0,0,0,4,100
129,SKU-FRO-0129,Ice Cream,Frozen Foods,Godrej Yummiez,Vriddhi Farm Direct,supply@vriddhifarms.com,+91-98200-55566,241.5,288.43,61,25,188,52,BATCH-260430-0129,2026-04-30,2027-01-05,Warehouse B - Cold Storage,17,107,563,7137,11,3172.73,516.23,16.27,2026-07-10,2026-07-15,3.9,0.2787,0,0,0,0,1,100
130,SKU-STA-0130,Besan,Staples,Fortune,Metro Grocery Supplies,contact@metrogrocery.com,+91-98200-77788,128.05,152.68,99,60,312,72,BATCH-260505-0130,2026-05-05,2027-02-16,Warehouse A - Main,59,453,2000,18364,80,12214.4,1970.4,16.13,2026-07-05,2026-07-15,4.4,0.596,0,0,0,0,4,100
131,SKU-STA-0131,Sugar,Staples,Tata,Global Foods Distributors,orders@globalfoods.com,+91-98200-11122,184.46,207.36,24,33,143,72,BATCH-260509-0131,2026-05-09,2027-03-22,Warehouse B - Cold Storage,3,21,87,1183,1,207.36,22.9,11.04,2026-06-27,2026-07-17,3.7,0.125,1,0,119,0,3,100
132,SKU-VEG-0132,Potato,Vegetables,Farm Fresh,Sunrise Wholesale Traders,sales@sunrisewholesale.com,+91-98200-33344,49.87,61.7,106,60,355,96,BATCH-260320-0132,2026-03-20,2026-03-29,Warehouse B - Cold Storage,36,248,1226,11766,26,1604.2,307.58,19.17,2026-07-13,2026-07-16,4.3,0.3396,0,0,0,0,1,100
133,SKU-BEV-0133,Mineral Water,Beverages,Pepsi,Global Foods Distributors,orders@globalfoods.com,+91-98200-11122,23.55,27.35,83,20,161,45,BATCH-260409-0133,2026-04-09,2026-10-13,Warehouse A - Main,41,265,1333,13580,56,1531.6,212.8,13.89,2026-07-06,2026-07-16,3.7,0.494,0,1,0,1,1,100
134,SKU-STA-0134,Sugar,Staples,Aashirvaad,Metro Grocery Supplies,contact@metrogrocery.com,+91-98200-77788,147.46,181.09,53,51,296,66,BATCH-260512-0134,2026-05-12,2026-11-08,Warehouse B - Cold Storage,1,6,30,397,0,0.0,0.0,18.57,2026-07-15,2026-07-17,3.6,0.0189,0,0,0,0,4,41.2
135,SKU-SNA-0135,Biscuits,Snacks & Biscuits,Sunfeast,Sunrise Wholesale Traders,sales@sunrisewholesale.com,+91-98200-33344,280.72,386.62,68,55,337,88,BATCH-260421-0135,2026-04-21,2026-07-26,Warehouse A - Main,25,168,823,9386,15,5799.3,1588.5,27.39,2026-07-11,2026-07-17,4.6,0.3676,0,0,0,0,1,100
136,SKU-CLE-0136,Detergent Bar,Cleaning Products,Surf Excel,Metro Grocery Supplies,contact@metrogrocery.com,+91-98200-77788,221.87,299.98,30,39,222,51,BATCH-260518-0136,2026-05-18,2027-11-22,Warehouse B - Cold Storage,58,381,1773,19509,65,19498.7,5077.15,26.04,2026-06-28,2026-07-16,5.0,1.9333,0,0,0,0,2,100
137,SKU-OIL-0137,Mustard Oil,Oil & Ghee,Saffola,Sunrise Wholesale Traders,sales@sunrisewholesale.com,+91-98200-33344,21.79,27.09,63,34,272,55,BATCH-260620-0137,2026-06-20,2027-05-01,Warehouse B - Cold Storage,38,279,1097,15190,30,812.7,159.0,19.56,2026-07-09,2026-07-16,4.1,0.6032,0,0,0,0,1,100
138,SKU-CLE-0138,Toilet Cleaner,Cleaning Products,Harpic,Prime Fresh Produce Co.,info@primefresh.com,+91-98200-12121,98.76,111.91,51,34,267,57,BATCH-260403-0138,2026-04-03,2027-10-21,Warehouse B - Cold Storage,25,191,656,7648,15,1678.65,197.25,11.75,2026-07-14,2026-07-15,4.2,0.4902,0,0,0,0,4,100
139,SKU-STA-0139,Wheat Flour,Staples,Fortune,Sunrise Wholesale Traders,sales@sunrisewholesale.com,+91-98200-33344,101.67,139.82,69,45,324,81,BATCH-260625-0139,2026-06-25,2027-04-16,Warehouse B - Cold Storage,24,158,780,9056,15,2097.3,572.25,27.29,2026-07-02,2026-07-16,3.9,0.3478,0,0,0,0,5,100
140,SKU-SNA-0140,Namkeen,Snacks & Biscuits,Britannia,Metro Grocery Supplies,contact@metrogrocery.com,+91-98200-77788,106.33,127.54,71,27,150,42,BATCH-260628-0140,2026-06-28,2026-10-07,Warehouse C - Dry Goods,30,218,927,9701,40,5101.6,848.4,16.63,2026-06-24,2026-07-17,4.9,0.4225,0,1,0,1,4,100
141,SKU-CLE-0141,Detergent Bar,Cleaning Products,Harpic,Vriddhi Farm Direct,supply@vriddhifarms.com,+91-98200-55566,212.22,248.76,57,45,260,72,BATCH-260630-0141,2026-06-30,2027-10-09,Warehouse C - Dry Goods,1,6,25,413,1,248.76,36.54,14.69,2026-06-20,2026-07-16,3.9,0.0175,0,0,0,0,1,46.8
142,SKU-PER-0142,Razor,Personal Care,Head & Shoulders,Global Foods Distributors,orders@globalfoods.com,+91-98200-11122,44.58,50.79,124,48,180,60,BATCH-260504-0142,2026-05-04,2027-12-11,Store Backroom,31,209,802,11138,20,1015.8,124.2,12.23,2026-06-20,2026-07-15,3.9,0.25,0,1,0,1,1,100
143,SKU-BEV-0143,Juice,Beverages,Coca-Cola,Sunrise Wholesale Traders,sales@sunrisewholesale.com,+91-98200-33344,119.1,165.85,92,37,208,61,BATCH-260629-0143,2026-06-29,2027-04-12,Warehouse A - Main,24,165,730,7221,18,2985.3,841.5,28.19,2026-07-10,2026-07-15,4.8,0.2609,0,1,0,1,5,100
144,SKU-STA-0144,Salt,Staples,Tata,Metro Grocery Supplies,contact@metrogrocery.com,+91-98200-77788,238.94,293.35,83,54,354,79,BATCH-260713-0144,2026-07-13,2027-03-21,Warehouse B - Cold Storage,17,114,474,5028,18,5280.3,979.38,18.55,2026-07-15,2026-07-16,4.2,0.2048,0,0,0,0,5,100
145,SKU-STA-0145,Chana Dal,Staples,Annapurna,Global Foods Distributors,orders@globalfoods.com,+91-98200-11122,89.4,106.6,88,54,342,65,BATCH-260616-0145,2026-06-16,2027-05-13,Warehouse C - Dry Goods,1,6,33,436,0,0.0,0.0,16.14,2026-07-06,2026-07-15,4.5,0.0114,0,0,0,0,5,35.7
146,SKU-STA-0146,Atta,Staples,Annapurna,National FMCG Hub,orders@nationalfmcg.com,+91-98200-99900,177.81,229.19,58,32,258,59,BATCH-260716-0146,2026-07-16,2027-04-06,Warehouse B - Cold Storage,5,32,137,1619,5,1145.95,256.9,22.42,2026-06-17,2026-07-15,3.6,0.0862,0,0,0,0,2,94.6
147,SKU-VEG-0147,Cabbage,Vegetables,Local Produce,Vriddhi Farm Direct,supply@vriddhifarms.com,+91-98200-55566,18.87,21.97,88,29,327,42,BATCH-260626-0147,2026-06-26,2026-07-05,Warehouse C - Dry Goods,76,520,2007,25540,48,1054.56,148.8,14.11,2026-06-21,2026-07-15,4.9,0.8636,0,1,0,1,3,100
148,SKU-FRU-0148,Banana,Fruits,Local Produce,Sunrise Wholesale Traders,sales@sunrisewholesale.com,+91-98200-33344,58.26,79.49,54,44,222,77,BATCH-260505-0148,2026-05-05,2026-05-08,Warehouse A - Main,38,289,1293,13268,56,4451.44,1188.88,26.71,2026-07-11,2026-07-15,3.8,0.7037,0,0,0,0,5,100
149,SKU-OIL-0149,Olive Oil,Oil & Ghee,Fortune,Metro Grocery Supplies,contact@metrogrocery.com,+91-98200-77788,59.38,79.78,71,35,223,55,BATCH-260615-0149,2026-06-15,2027-06-07,Warehouse A - Main,44,316,1473,15717,33,2632.74,673.2,25.57,2026-07-14,2026-07-16,3.7,0.6197,0,0,0,0,1,100
150,SKU-STA-0150,Salt,Staples,Fortune,Metro Grocery Supplies,contact@metrogrocery.com,+91-98200-77788,142.7,177.79,96,30,235,55,BATCH-260410-0150,2026-04-10,2027-03-31,Warehouse C - Dry Goods,37,252,1219,15064,39,6933.81,1368.51,19.74,2026-07-09,2026-07-17,4.0,0.3854,0,1,0,1,1,100
151,SKU-DAI-0151,Yogurt,Dairy,Mother Dairy,Vriddhi Farm Direct,supply@vriddhifarms.com,+91-98200-55566,76.86,87.79,46,30,226,45,BATCH-260625-0151,2026-06-25,2026-07-11,Store Backroom,51,365,1522,15122,73,6408.67,797.89,12.45,2026-07-11,2026-07-17,3.4,1.1087,0,0,0,0,2,100
152,SKU-BEV-0152,Tea,Beverages,Pepsi,Prime Fresh Produce Co.,info@primefresh.com,+91-98200-12121,175.15,244.8,67,54,221,85,BATCH-260523-0152,2026-05-23,2026-12-11,Warehouse A - Main,28,198,925,8803,24,5875.2,1671.6,28.45,2026-07-07,2026-07-15,4.3,0.4179,0,0,0,0,4,100
153,SKU-BEV-0153,Coffee,Beverages,Pepsi,Sunrise Wholesale Traders,sales@sunrisewholesale.com,+91-98200-33344,67.83,81.91,20,25,246,62,BATCH-260623-0153,2026-06-23,2027-04-13,Warehouse C - Dry Goods,1,7,28,346,0,0.0,0.0,17.19,2026-07-15,2026-07-16,4.0,0.05,1,0,226,0,3,66.5
154,SKU-PER-0154,Razor,Personal Care,Lux,National FMCG Hub,orders@nationalfmcg.com,+91-98200-99900,52.94,71.24,58,26,147,57,BATCH-260403-0154,2026-04-03,2027-12-26,Warehouse B - Cold Storage,30,229,924,11184,40,2849.6,732.0,25.69,2026-07-03,2026-07-15,4.4,0.5172,0,0,0,0,4,100
155,SKU-BEV-0155,Juice,Beverages,Pepsi,Metro Grocery Supplies,contact@metrogrocery.com,+91-98200-77788,103.68,128.4,103,22,250,50,BATCH-260404-0155,2026-04-04,2026-11-19,Warehouse B - Cold Storage,20,147,541,8714,29,3723.6,716.88,19.25,2026-07-12,2026-07-17,4.0,0.1942,0,1,0,1,4,100
156,SKU-BEV-0156,Soft Drinks,Beverages,Bisleri,National FMCG Hub,orders@nationalfmcg.com,+91-98200-99900,92.21,128.47,47,24,146,46,BATCH-260502-0156,2026-05-02,2027-03-11,Warehouse A - Main,11,77,371,3231,13,1670.11,471.38,28.22,2026-06-21,2026-07-16,3.4,0.234,0,0,0,0,2,100
157,SKU-BAK-0157,Cake,Bakery,Harvest Gold,Global Foods Distributors,orders@globalfoods.com,+91-98200-11122,51.57,59.32,70,38,275,76,BATCH-260419-0157,2026-04-19,2026-04-28,Warehouse A - Main,20,127,559,6260,22,1305.04,170.5,13.06,2026-07-15,2026-07-16,4.8,0.2857,0,0,0,0,3,100
158,SKU-FRO-0158,Frozen Nuggets,Frozen Foods,Godrej Yummiez,Prime Fresh Produce Co.,info@primefresh.com,+91-98200-12121,153.06,183.76,107,43,148,63,BATCH-260327-0158,2026-03-27,2026-09-21,Warehouse C - Dry Goods,36,240,1077,14171,21,3858.96,644.7,16.71,2026-07-12,2026-07-16,5.0,0.3364,0,1,0,1,4,100
159,SKU-FRO-0159,Frozen Fries,Frozen Foods,Kwality Walls,Vriddhi Farm Direct,supply@vriddhifarms.com,+91-98200-55566,224.06,291.61,61,25,173,49,BATCH-260607-0159,2026-06-07,2027-04-04,Warehouse A - Main,23,172,756,8446,15,4374.15,1013.25,23.16,2026-06-30,2026-07-16,3.4,0.377,0,0,0,0,5,100
160,SKU-DAI-0160,Milk,Dairy,Amul,Sunrise Wholesale Traders,sales@sunrisewholesale.com,+91-98200-33344,27.53,37.71,45,23,186,34,BATCH-260701-0160,2026-07-01,2026-07-04,Store Backroom,1,6,32,365,1,37.71,10.18,27.0,2026-07-09,2026-07-16,4.1,0.0222,0,0,0,0,4,44.1
161,SKU-PER-0161,Face Wash,Personal Care,Head & Shoulders,National FMCG Hub,orders@nationalfmcg.com,+91-98200-99900,155.78,190.56,59,36,327,72,BATCH-260421-0161,2026-04-21,2027-08-04,Warehouse A - Main,18,127,615,7508,20,3811.2,695.6,18.25,2026-07-08,2026-07-15,3.9,0.3051,0,0,0,0,1,100
162,SKU-DAI-0162,Butter,Dairy,Mother Dairy,Metro Grocery Supplies,contact@metrogrocery.com,+91-98200-77788,74.25,97.58,93,58,160,75,BATCH-260602-0162,2026-06-02,2026-06-19,Store Backroom,45,344,1407,15924,39,3805.62,909.87,23.91,2026-07-08,2026-07-17,4.0,0.4839,0,0,0,0,5,100
163,SKU-STA-0163,Rice,Staples,Tata,National FMCG Hub,orders@nationalfmcg.com,+91-98200-99900,48.65,61.95,60,43,286,73,BATCH-260424-0163,2026-04-24,2027-04-21,Warehouse B - Cold Storage,18,121,503,6110,13,805.35,172.9,21.47,2026-06-18,2026-07-15,3.7,0.3,0,0,0,0,2,100
164,SKU-BAK-0164,Cake,Bakery,Britannia,Global Foods Distributors,orders@globalfoods.com,+91-98200-11122,67.35,91.64,63,58,261,89,BATCH-260413-0164,2026-04-13,2026-04-16,Warehouse B - Cold Storage,11,76,309,4668,9,824.76,218.61,26.51,2026-06-28,2026-07-15,5.0,0.1746,0,0,0,0,2,100
165,SKU-PER-0165,Toothpaste,Personal Care,Lux,Prime Fresh Produce Co.,info@primefresh.com,+91-98200-12121,152.27,206.4,127,42,271,61,BATCH-260410-0165,2026-04-10,2027-07-12,Warehouse C - Dry Goods,31,199,826,10222,40,8256.0,2165.2,26.23,2026-06-25,2026-07-16,4.4,0.2441,0,1,0,1,2,100
166,SKU-STA-0166,Moong Dal,Staples,Annapurna,Metro Grocery Supplies,contact@metrogrocery.com,+91-98200-77788,240.67,293.47,38,36,285,55,BATCH-260517-0166,2026-05-17,2027-01-01,Store Backroom,18,114,561,6781,20,5869.4,1056.0,17.99,2026-06-30,2026-07-17,4.8,0.4737,0,0,0,0,4,100
167,SKU-SNA-0167,Biscuits,Snacks & Biscuits,Parle,Global Foods Distributors,orders@globalfoods.com,+91-98200-11122,263.84,307.44,116,32,219,55,BATCH-260624-0167,2026-06-24,2026-11-01,Warehouse B - Cold Storage,33,247,895,10025,27,8300.88,1177.2,14.18,2026-06-26,2026-07-17,3.2,0.2845,0,1,0,1,3,100
168,SKU-PER-0168,Deodorant,Personal Care,Pears,National FMCG Hub,orders@nationalfmcg.com,+91-98200-99900,200.54,254.06,50,25,158,54,BATCH-260414-0168,2026-04-14,2027-10-22,Warehouse A - Main,24,165,715,7024,24,6097.44,1284.48,21.07,2026-07-16,2026-07-16,4.6,0.48,0,0,0,0,5,100
169,SKU-PER-0169,Face Wash,Personal Care,Pears,Prime Fresh Produce Co.,info@primefresh.com,+91-98200-12121,194.06,230.52,14,42,221,56,BATCH-260510-0169,2026-05-10,2027-10-29,Store Backroom,23,146,782,8247,23,5301.96,838.58,15.82,2026-07-03,2026-07-15,5.0,1.6429,1,0,207,0,3,100
170,SKU-FRO-0170,Frozen Fries,Frozen Foods,Amul,Vriddhi Farm Direct,supply@vriddhifarms.com,+91-98200-55566,230.03,269.01,86,45,149,62,BATCH-260416-0170,2026-04-16,2027-01-27,Warehouse A - Main,30,197,770,10970,18,4842.18,701.64,14.49,2026-06-21,2026-07-17,3.9,0.3488,0,0,0,0,3,100
171,SKU-FRU-0171,Grapes,Fruits,Local Produce,National FMCG Hub,orders@nationalfmcg.com,+91-98200-99900,79.65,105.03,12,21,133,53,BATCH-260704-0171,2026-07-04,2026-07-17,Warehouse A - Main,59,388,1868,17308,54,5671.62,1370.52,24.16,2026-06-30,2026-07-16,4.3,4.9167,1,0,121,0,2,100
172,SKU-STA-0172,Wheat Flour,Staples,Annapurna,National FMCG Hub,orders@nationalfmcg.com,+91-98200-99900,221.25,255.61,43,27,327,40,BATCH-260525-0172,2026-05-25,2027-02-04,Store Backroom,33,243,1088,14324,28,7157.08,962.08,13.44,2026-07-11,2026-07-17,4.2,0.7674,0,0,0,0,2,100
173,SKU-OIL-0173,Sunflower Oil,Oil & Ghee,Dhara,Vriddhi Farm Direct,supply@vriddhifarms.com,+91-98200-55566,85.66,96.27,60,25,153,61,BATCH-260519-0173,2026-05-19,2027-01-29,Warehouse C - Dry Goods,49,313,1568,20780,56,5391.12,594.16,11.02,2026-07-08,2026-07-16,3.3,0.8167,0,0,0,0,2,100
174,SKU-PER-0174,Face Wash,Personal Care,Dove,Vriddhi Farm Direct,supply@vriddhifarms.com,+91-98200-55566,208.34,252.89,40,27,151,64,BATCH-260521-0174,2026-05-21,2028-04-03,Store Backroom,16,119,503,5070,13,3287.57,579.15,17.62,2026-07-08,2026-07-15,3.4,0.4,0,0,0,0,3,100
175,SKU-SNA-0175,Namkeen,Snacks & Biscuits,Lays,Metro Grocery Supplies,contact@metrogrocery.com,+91-98200-77788,289.45,347.79,75,44,320,81,BATCH-260703-0175,2026-07-03,2026-11-23,Warehouse B - Cold Storage,31,201,993,13494,41,14259.39,2391.94,16.77,2026-06-17,2026-07-15,4.1,0.4133,0,0,0,0,5,100
176,SKU-SNA-0176,Namkeen,Snacks & Biscuits,Parle,National FMCG Hub,orders@nationalfmcg.com,+91-98200-99900,126.33,155.08,128,21,296,59,BATCH-260711-0176,2026-07-11,2026-10-17,Warehouse B - Cold Storage,19,123,641,5861,17,2636.36,488.75,18.54,2026-07-08,2026-07-15,3.8,0.1484,0,1,0,1,5,100
177,SKU-FRU-0177,Watermelon,Fruits,Local Produce,Prime Fresh Produce Co.,info@primefresh.com,+91-98200-12121,71.75,91.53,65,59,183,82,BATCH-260425-0177,2026-04-25,2026-04-30,Store Backroom,18,134,549,7851,9,823.77,178.02,21.61,2026-06-30,2026-07-16,4.7,0.2769,0,0,0,0,2,100
178,SKU-PER-0178,Toothpaste,Personal Care,Colgate,Vriddhi Farm Direct,supply@vriddhifarms.com,+91-98200-55566,90.59,127.83,36,23,252,40,BATCH-260705-0178,2026-07-05,2028-03-16,Warehouse A - Main,43,320,1127,15344,46,5880.18,1713.04,29.13,2026-07-02,2026-07-16,3.4,1.1944,0,0,0,0,4,100
179,SKU-SNA-0179,Wafers,Snacks & Biscuits,Haldiram's,Global Foods Distributors,orders@globalfoods.com,+91-98200-11122,132.96,150.34,25,55,155,91,BATCH-260531-0179,2026-05-31,2026-09-04,Store Backroom,15,105,410,5850,21,3157.14,364.98,11.56,2026-06-20,2026-07-17,4.7,0.6,1,0,130,0,3,100
180,SKU-CLE-0180,Detergent Bar,Cleaning Products,Rin,Prime Fresh Produce Co.,info@primefresh.com,+91-98200-12121,178.01,237.6,36,27,151,61,BATCH-260530-0180,2026-05-30,2028-05-23,Store Backroom,16,108,499,6540,16,3801.6,953.44,25.08,2026-07-13,2026-07-17,4.8,0.4444,0,0,0,0,4,100
181,SKU-CLE-0181,Detergent Bar,Cleaning Products,Vim,Global Foods Distributors,orders@globalfoods.com,+91-98200-11122,93.4,110.1,52,27,227,43,BATCH-260409-0181,2026-04-09,2027-11-25,Store Backroom,23,158,778,9528,25,2752.5,417.5,15.17,2026-07-02,2026-07-15,4.3,0.4423,0,0,0,0,5,100
182,SKU-DAI-0182,Curd,Dairy,Nestle,Global Foods Distributors,orders@globalfoods.com,+91-98200-11122,49.47,56.13,147,47,296,72,BATCH-260423-0182,2026-04-23,2026-05-06,Warehouse B - Cold Storage,32,232,866,13152,19,1066.47,126.54,11.87,2026-06-30,2026-07-16,4.0,0.2177,0,1,0,1,5,100
183,SKU-SNA-0183,Namkeen,Snacks & Biscuits,Haldiram's,Vriddhi Farm Direct,supply@vriddhifarms.com,+91-98200-55566,131.4,160.68,16,38,253,73,BATCH-260319-0183,2026-03-19,2026-08-26,Warehouse C - Dry Goods,17,114,540,7100,20,3213.6,585.6,18.22,2026-06-26,2026-07-17,3.6,1.0625,1,0,237,0,5,100
184,SKU-PER-0184,Soap,Personal Care,Pears,Prime Fresh Produce Co.,info@primefresh.com,+91-98200-12121,67.86,90.47,49,31,259,58,BATCH-260422-0184,2026-04-22,2028-04-19,Store Backroom,1,6,28,362,1,90.47,22.61,24.99,2026-07-03,2026-07-15,4.5,0.0204,0,0,0,0,5,48.0
185,SKU-VEG-0185,Onion,Vegetables,Farm Fresh,Global Foods Distributors,orders@globalfoods.com,+91-98200-11122,48.98,55.23,10,29,142,60,BATCH-260508-0185,2026-05-08,2026-05-11,Store Backroom,60,390,1563,24390,42,2319.66,262.5,11.32,2026-07-05,2026-07-16,3.4,6.0,1,0,132,0,5,100
186,SKU-OIL-0186,Olive Oil,Oil & Ghee,Saffola,Sunrise Wholesale Traders,sales@sunrisewholesale.com,+91-98200-33344,163.06,221.61,14,38,315,69,BATCH-260710-0186,2026-07-10,2027-01-09,Warehouse C - Dry Goods,1,6,32,392,1,221.61,58.55,26.42,2026-06-23,2026-07-16,3.6,0.0714,1,0,301,0,4,92.5
187,SKU-PER-0187,Body Lotion,Personal Care,Dove,National FMCG Hub,orders@nationalfmcg.com,+91-98200-99900,154.79,201.38,64,32,207,56,BATCH-260630-0187,2026-06-30,2027-09-20,Warehouse B - Cold Storage,28,196,809,9927,29,5840.02,1351.11,23.14,2026-06-28,2026-07-16,3.2,0.4375,0,0,0,0,4,100
188,SKU-SNA-0188,Chips,Snacks & Biscuits,Parle,Global Foods Distributors,orders@globalfoods.com,+91-98200-11122,63.04,76.71,79,23,321,62,BATCH-260417-0188,2026-04-17,2026-08-25,Warehouse B - Cold Storage,33,221,1076,12286,18,1380.78,246.06,17.82,2026-06-30,2026-07-17,4.9,0.4177,0,0,0,0,5,100
189,SKU-CLE-0189,Floor Cleaner,Cleaning Products,Vim,Metro Grocery Supplies,contact@metrogrocery.com,+91-98200-77788,154.05,191.18,69,42,198,80,BATCH-260424-0189,2026-04-24,2027-04-28,Warehouse B - Cold Storage,18,132,544,7875,23,4397.14,853.99,19.42,2026-07-13,2026-07-15,3.8,0.2609,0,0,0,0,2,100
190,SKU-DAI-0190,Cheese,Dairy,Nestle,Global Foods Distributors,orders@globalfoods.com,+91-98200-11122,59.37,72.21,37,27,225,45,BATCH-260711-0190,2026-07-11,2026-07-23,Warehouse A - Main,63,469,1819,25780,59,4260.39,757.56,17.78,2026-06-18,2026-07-15,3.5,1.7027,0,0,0,0,5,100
191,SKU-STA-0191,Sugar,Staples,Fortune,Sunrise Wholesale Traders,sales@sunrisewholesale.com,+91-98200-33344,292.06,394.86,25,54,155,84,BATCH-260413-0191,2026-04-13,2027-01-29,Warehouse C - Dry Goods,29,199,766,10744,34,13425.24,3495.2,26.03,2026-06-26,2026-07-17,4.5,1.16,1,0,130,0,2,100
192,SKU-STA-0192,Wheat Flour,Staples,India Gate,Global Foods Distributors,orders@globalfoods.com,+91-98200-11122,44.51,50.58,37,36,278,48,BATCH-260714-0192,2026-07-14,2027-04-19,Warehouse A - Main,1,6,28,384,0,0.0,0.0,12.0,2026-06-25,2026-07-17,4.2,0.027,0,0,0,0,5,46.5
193,SKU-STA-0193,Chana Dal,Staples,Aashirvaad,Prime Fresh Produce Co.,info@primefresh.com,+91-98200-12121,257.51,316.04,59,52,179,71,BATCH-260509-0193,2026-05-09,2026-12-31,Warehouse B - Cold Storage,46,317,1336,17869,44,13905.76,2575.32,18.52,2026-07-12,2026-07-15,3.9,0.7797,0,0,0,0,5,100
194,SKU-BAK-0194,Cake,Bakery,Modern,Vriddhi Farm Direct,supply@vriddhifarms.com,+91-98200-55566,59.02,82.29,111,43,145,70,BATCH-260620-0194,2026-06-20,2026-06-28,Warehouse B - Cold Storage,50,355,1452,18596,29,2386.41,674.83,28.28,2026-07-10,2026-07-16,4.8,0.4505,0,1,0,1,5,100
195,SKU-PER-0195,Body Lotion,Personal Care,Nivea,Sunrise Wholesale Traders,sales@sunrisewholesale.com,+91-98200-33344,169.55,202.75,74,27,173,58,BATCH-260708-0195,2026-07-08,2027-11-13,Warehouse C - Dry Goods,45,346,1334,16751,35,7096.25,1162.0,16.37,2026-07-13,2026-07-17,4.5,0.6081,0,0,0,0,4,100
196,SKU-CLE-0196,Floor Cleaner,Cleaning Products,Harpic,Sunrise Wholesale Traders,sales@sunrisewholesale.com,+91-98200-33344,180.97,215.42,86,38,296,50,BATCH-260505-0196,2026-05-05,2028-02-19,Warehouse B - Cold Storage,1,6,31,336,1,215.42,34.45,15.99,2026-07-05,2026-07-16,4.9,0.0116,0,1,0,1,2,38.6
197,SKU-BAK-0197,Pav,Bakery,Modern,Sunrise Wholesale Traders,sales@sunrisewholesale.com,+91-98200-33344,61.29,80.43,44,37,229,51,BATCH-260611-0197,2026-06-11,2026-06-16,Warehouse A - Main,14,97,370,5407,8,643.44,153.12,23.8,2026-06-18,2026-07-15,3.6,0.3182,0,0,0,0,1,100
198,SKU-BAK-0198,Pav,Bakery,Harvest Gold,National FMCG Hub,orders@nationalfmcg.com,+91-98200-99900,56.06,76.45,120,57,260,91,BATCH-260531-0198,2026-05-31,2026-06-09,Warehouse A - Main,45,317,1551,16241,57,4357.65,1162.23,26.67,2026-07-09,2026-07-15,4.5,0.375,0,0,0,0,3,100
199,SKU-BEV-0199,Juice,Beverages,Tata Tea,Metro Grocery Supplies,contact@metrogrocery.com,+91-98200-77788,121.88,136.89,66,35,292,66,BATCH-260601-0199,2026-06-01,2026-12-08,Warehouse A - Main,31,223,1060,12382,30,4106.7,450.3,10.97,2026-07-09,2026-07-16,3.6,0.4697,0,0,0,0,3,100
200,SKU-STA-0200,Toor Dal,Staples,India Gate,Prime Fresh Produce Co.,info@primefresh.com,+91-98200-12121,77.9,108.46,143,43,242,68,BATCH-260426-0200,2026-04-26,2027-01-01,Store Backroom,28,177,877,8597,41,4446.86,1252.96,28.18,2026-06-20,2026-07-15,3.7,0.1958,0,1,0,1,5,100
